timestamp	slug	filename	caption	location_lat	location_lng	location_alt	location_acc	hashtag_names
1725579949	20240906084549_155e2	20240906084549_155e2.png		34.36929784407046	132.34533151664482	10.553855895996094	66.03693852472396	イベント;学会
1728104718	20241005020518_ac138	20241005020518_ac138.png		34.66070362548798	133.92236782619858	7.55360746383667	35	pxky;イベント
1728694502	20241012095502_b82e2	20241012095502_b82e2.png		35.21217175077336	134.37277922230766	1088.9684424847483	2.333168536026624	イベント;ロゴ
1728699832	20241012112352_f6c40	20241012112352_f6c40.png		35.21211592419877	134.3728506881206	1091.6896479427814	5.492479310987589	イベント;グルメ
1728713500	20241012031140_b727f	20241012031140_b727f.png		35.21232416713192	134.3728034496712	1088.8092089374948	2.8579133437912336	イベント;ロゴ
1729312286	20241019013126_b5ce7	20241019013126_b5ce7.png		34.834473041879356	133.7609694793232	355.23455810546875	77.33333333333333	イベント
1729312686	20241019013806_302cc	20241019013806_302cc.png		34.8336003593022	133.76065694911892	355.2296142578125	578.1269886121012	TKG;イベント
1729319162	20241019032602_6f199	20241019032602_6f199.png		34.834375101293176	133.76014768104753	355.0349237630144	27.723214349525236	イベント;キャラ
1729319716	20241019033516_a8018	20241019033516_a8018.png		34.83355145262761	133.7609207197697	356.7353778555989	17.142629169474645	イベント;働く車;水族館
1729319990	20241019033950_eada7	20241019033950_eada7.png		34.83178061030958	133.75994948426018	347.8345642089844	106.33333333333333	イベント;オープンデータソフトクリーム
1729827776	20241025124256_fea60	20241025124256_fea60.png		34.682464922541975	133.91209864454873	6.098217964172363	35	イベント
1730531967	20241102041927_c2d08	20241102041927_c2d08.png		34.46197239941762	133.8821120347436	231.01426518568672	2.2377927906580686	pxky;イベント
1730597486	20241103103126_18577	20241103103126_18577.png		34.68059501578715	133.91810157632503	8.720891952514648	130	pxky;イベント;キャラ;遊具
1730607613	20241103012013_454cd	20241103012013_454cd.png		34.68709050137045	133.92014476746874	8.10363937728107	4.773956060420398	pxky;イベント
1731629645	20241115091405_fbc82	20241115091405_fbc82.png		38.26138271565726	140.87671853856278	44.286109924316406	35	イベント
1732610993	20241126054953_ddb3c	20241126054953_ddb3c.png		33.25577764286472	130.29976741133208	8.507966041564941	35	イベント;イルミネーション
1732611010	20241126055010_f348c	20241126055010_f348c.png		33.25553444975339	130.29976685406038	8.479071617126465	39.37162435849137	イベント;イルミネーション
1732612273	20241126061113_be430	20241126061113_be430.png		33.26201375960215	130.29840263328745	8.804407119750977	35	イベント;イルミネーション;オブジェ;銅像
1732612349	20241126061229_47946	20241126061229_47946.png		33.26283438241749	130.29803929963307	9.052836418151855	43	イベント;イルミネーション
1732678624	20241127123704_69afa	20241127123704_69afa.png		33.88773374011839	130.88272883820724	9.584518386146947	32.37957103492422	イベント;駅
1733554340	20241207035220_2ac25	20241207035220_2ac25.png		34.70575049041733	135.494437296537	5.65618896484375	40	イベント;クリスマス
1733647971	20241208055251_61d38	20241208055251_61d38.png		34.677771266924786	133.91851902401234	-24.670089721679688	126.47255134597985	イベント;イルミネーション;クリスマス
1733648026	20241208055346_3b155	20241208055346_3b155.png		34.67770345202593	133.91882970058512	-24.670089721679688	36	イベント;イルミネーション;クリスマス
1733648118	20241208055518_eaeb9	20241208055518_eaeb9.png		34.677683534238454	133.9187814763803	-24.670089721679688	53	イベント;イルミネーション;クリスマス
1734060237	20241213122357_e8043	20241213122357_e8043.png		34.68901161725972	133.92346512000654	8.929544448852539	55	イベント;学会;隈研吾
1734227444	20241215105044_76d47	20241215105044_76d47.png		34.665285405125495	133.93005409530306	19.06597137451172	39	イベント
1734227685	20241215105445_f5fe6	20241215105445_f5fe6.png		34.66579132103607	133.9300609767481	11.279999732971191	89.5695814064	イベント;ホール;音楽
1735358946	20241228010906_bdab0	20241228010906_bdab0.png		34.66868167698767	133.91008424268068	5.299056053161621	35	イベント;餅つき
