id	user_id	timestamp	filename	caption	location_lat	location_lng	location_alt	location_acc	created_at	updated_at	slug	hashtag_names
506	154	1679372218	154_20230321041657.png	Êù•ÈÄ±„ÅÇ„Åü„Çä„ÅØËâØ„Åï„Åù„ÅÜÔºÅ	34.67594688838994	135.80627633372723	63.495244218967855	4.7523104952855775	2023-03-21 04:17:20	2023-03-21 04:17:20	qe984KE	Ê°úÂí≤;pxky
508	154	1679530951	154_20230323002231.png		34.71897813411066	135.7434996986069	139.71123785711825	4.663538308460981	2023-03-23 00:22:53	2023-03-23 00:22:53	P0qW19v	Ê°úÂí≤;pxky
523	154	1679643114	154_20230324073153.png		34.70439492728077	135.7332473808301	103.79679109342396	4.551606000602064	2023-03-24 07:32:03	2023-03-24 07:32:03	4nM30B3	Ê°úÂí≤;pxky
529	154	1679715709	154_20230325034149.png		34.674022346767295	135.80623565254342	58.89578628540039	3.5355339059327373	2023-03-25 03:41:56	2023-03-25 03:41:56	BZ3MQOg	Ê°úÂí≤;Ê∫ÄÈñã;pxky
530	154	1679716265	154_20230325035104.png		34.675936322091125	135.8064816192383	62.53666687011719	35	2023-03-25 03:51:17	2023-03-25 03:51:17	XJg5BM6	Ê°úÂí≤;Ê∫ÄÈñã;pxky
553	154	1679971425	154_20230328024345.png		36.69506896373524	137.2141803855373	12.034046734683216	4.810111110049979	2023-03-28 02:43:54	2023-03-28 02:43:54	lo82qaz	Ê°úÂí≤;pxky
568	154	1680052014	154_20230329010653.png	‰∏¶Êú®„Åå„ÅÇ„Çã„ÅÆ„Åã„Å™	34.71866548905993	135.72334111101978	130.39463035576046	4.681900900480362	2023-03-29 01:07:20	2023-03-29 01:07:20	4nMn8pv	Ê°úÂí≤;pxky
605	154	1680139150	154_20230330011910.png		34.70880292824908	135.7486855891866	119.0488052368164	3.5355339059327373	2023-03-30 01:19:16	2023-03-30 01:19:16	re93oxp	Ê°úÂí≤;pxky
609	154	1680139499	154_20230330012459.png		34.7091362765383	135.75417179626947	106.97379304654896	4.006550419928697	2023-03-30 01:25:05	2023-03-30 01:25:05	mA93BBJ	Ê°úÂí≤;pxky
618	154	1680144965	154_20230330025604.png		34.72865940797089	135.74398787944028	90.46965685673058	4.738602103552409	2023-03-30 02:56:24	2023-03-30 02:56:24	XJgZNw0	Ê°úÂí≤;pxky
630	154	1680220677	154_20230330235756.png		34.735180814091386	135.7327960513346	137.55319312401116	4.713694916933692	2023-03-30 23:58:04	2023-03-30 23:58:04	Ev084d1	Ê°úÂí≤;pxky
637	154	1680305855	154_20230331233734.png		34.73209124027752	135.73638878541377	126.9136116495356	4.683646099824569	2023-03-31 23:37:45	2023-03-31 23:37:45	1M0EAKe	Ê°úÂí≤;pxky
646	154	1680317812	154_20230401025651.png		34.76261677706844	135.62872518037526	11.029075752943754	21.76776650746399	2023-04-01 02:57:05	2023-04-01 02:57:05	mA9VMnN	Ê°úÂí≤;pxky
654	154	1680394668	154_20230402001748.png		34.731637034597554	135.7350952552033	132.83194732666016	3.5355339059327373	2023-04-02 00:17:57	2023-04-02 00:17:57	xVNQXkz	Ê°úÂí≤;pxky
666	154	1680423541	154_20230402081901.png		34.696155762080664	135.8265562592405	92.92496113292873	4.551619381518954	2023-04-02 08:19:11	2023-04-02 08:19:11	NEeQMK5	Ê°úÂí≤;pxky
669	154	1681000594	154_20230409003634.png		34.71076293017761	135.75297887982245	113.09444046020508	48	2023-04-09 00:36:48	2023-04-09 00:36:48	re9LnyY	Ê°úÂí≤;„Åµ„Çè„Åµ„Çè;pxky
860	154	1682992231	154_20230502015030.png		34.62232583869004	135.70698057615272	56.28178405761719	95	2023-05-02 01:50:46	2023-05-02 01:50:46	3JeA57q	ÈõªËªä;ÈØâ„ÅÆ„Åº„Çä;„Åì„Å©„ÇÇ„ÅÆÊó•;pxky
905	154	1684305770	154_20230517064250.png		26.463545110582906	127.8166820584474	7.77432107925415	35	2023-05-17 06:43:09	2023-05-17 06:43:09	9MOAk4w	Êµ∑;pxky
914	154	1688431469	154_20230704004428.png		35.42678034077812	136.03697307791865	94.7598378425464	4.8551812101342975	2023-07-04 00:45:21	2023-07-04 00:45:21	xVVMlmM	Áî∞ÂúíÈ¢®ÊôØ;„ÅÆ„Å©„Åã;„Çµ„É≥„ÉÄ„Éº„Éê„Éº„Éâ;ÁêµÁê∂Êπñ;Ë≤´Â∑ùÂÜÖÊπñ;pxky
1003	154	1697089522	154_20231012054522.png		36.6556445903644	137.37799555125892	328.1421150029244	6.75794780579362	2023-10-12 05:45:46	2023-10-12 05:45:46	ko4vRmw	Á´ãÂ±±;Â§ßË¶≥Â≥∞;pxky
1052	154	1697162116	154_20231013015515.png	„ÅÑ„ÅÑÈ¢®Âêπ„ÅÑ„Å¶„Åæ„Åô	36.582564111641254	137.3361455480661	258.26939347077433	6.858204195172909	2023-10-13 01:55:28	2023-10-13 01:55:28	eXy70xY	Á´ãÂ±±;pxky
1089	154	1697164723	154_20231013023843.png	Áµµ„Å´„Å™„ÇãÈ¢®ÊôØ	36.57910370535866	137.386293026105	389.41998291015625	35	2023-10-13 02:39:01	2023-10-13 02:39:01	K0LYp4O	Á´ãÂ±±;pxky
1105	154	1697166914	154_20231013031514.png	„Åì„Çì„Å™„Å®„Åì„Çç„Åß„Ç∞„É©„É≥„Éî„É≥„Ç∞„Åü„ÅÆ„Åó„Åù„Éº„Éº„Éº	36.57769782212151	137.43247207708262	562.7017011120915	4.717697664387178	2023-10-13 03:15:32	2023-10-13 03:15:32	oK4QMQq	Á´ãÂ±±;pxky
1144	154	1697173414	154_20231013050334.png	Êàª„Çã„ÅÆÂ§ßÂ§â„ÇÑ	36.582159213716515	137.4371609989363	496.0942884720862	4.6430680525425165	2023-10-13 05:03:51	2023-10-13 05:03:51	oK4QJE8	Á´ãÂ±±;pxky
1182	154	1697175396	154_20231013053636.png	„Åì„Åì„Çç„ÅÆÊû∂„ÅëÊ©ã„Å®Êªù„ÇíËá®„ÇÄ	36.57383859060309	137.37811752500284	327.6339865152438	2.408270479969475	2023-10-13 05:36:55	2023-10-13 05:36:55	ydQo2g8	Á´ãÂ±±;pxky
1195	154	1697176224	154_20231013055023.png	ËâØ„ÅÑÊôØËâ≤	36.57333738127712	137.3586756750366	286.58760497067124	4.740977754220534	2023-10-13 05:50:32	2023-10-13 05:50:32	K0LY6Aq	Á´ãÂ±±;pxky
1221	154	1697177748	154_20231013061547.png	Â∞éÂºïÂú∞Ëîµ	36.604965209935294	137.320718375366	193.48205141164362	4.7253122138262444	2023-10-13 06:16:07	2023-10-13 06:16:07	YeyqMQV	Á´ãÂ±±;pxky
1244	154	1697178755	154_20231013063235.png	ÈõªËªä„ÅåÊ≠¢„Åæ„Å£„Å¶„Çã	36.60690615042736	137.31996670127214	191.57402154896408	4.72782181890439	2023-10-13 06:32:47	2023-10-13 06:32:47	mAzOdLo	Á´ãÂ±±;pxky
1267	154	1698112580	154_20231024015619.png	ÊπòÂçóÂõΩÈöõÊùë	35.258813520411955	139.6090496806218	178.10370400734246	4.756536077359056	2023-10-24 01:58:31	2023-10-24 01:58:31	6ewJ1Wo	„Ç™„Éñ„Ç∏„Çß;pxky
1280	154	1698216948	154_20231025065548.png		35.32215318318705	139.57072779784838	24.24588394165039	35	2023-10-25 06:56:00	2023-10-25 06:56:00	Q0JENLv	ÂØ∫;pxky
1281	154	1698218163	154_20231025071602.png		35.32368773044469	139.55486450244103	12.758862366543255	4.005094997039453	2023-10-25 07:16:24	2023-10-25 07:16:24	dXkKog9	Á•ûÁ§æ;È∂¥Â≤°ÂÖ´Âπ°ÂÆÆ;pxky
1282	154	1698911132	154_20231102074531.png		34.65689458937327	134.1669442197425	99.26472469046712	4.740615573170716	2023-11-02 07:45:45	2023-11-02 07:45:45	veWw5QJ	ÊôØËâ≤;pxky
1286	154	1698911527	154_20231102075207.png	Â§ïÊó•„Å®„ÇΩ„Éº„É©„Éº„Éë„Éç„É´Áïë	34.655874519429815	134.16677267049533	94.96198121085763	4.737636224910775	2023-11-02 07:52:49	2023-11-02 07:52:49	M3mEO7z	ÊôØËâ≤;pxky
1288	154	1698912034	154_20231102080033.png		34.65627279455261	134.165208536319	86.98241179995239	4.729968945842417	2023-11-02 08:00:56	2023-11-02 08:00:56	5AWyJo3	ÊôØËâ≤;Â§ïÊó•;pxky
1289	154	1699068991	154_20231104033631.png	LOHAS FESTA	34.81007396362373	135.53615279240069	36.99444736726582	4.734008216893676	2023-11-04 03:37:06	2023-11-04 03:37:06	YeZZYy9	„Ç§„Éô„É≥„Éà;pxky
1291	154	1699080302	154_20231104064502.png	Ë°®Èù¢	34.80887420843404	135.53294520490832	41.25038855150342	4.724713166461499	2023-11-04 06:45:17	2023-11-04 06:45:17	O0npd5k	„Ç¢„É¨;pxky
1292	154	1700178422	154_20231116234701.png	‰ºä‰∏πÁ©∫Ê∏Ø	34.79143099049244	135.43979232742515	19.64130210876465	35	2023-11-16 23:47:42	2023-11-16 23:47:42	2MnXvQq	Á©∫Ê∏Ø;È£õË°åÊ©ü;ÊóÖ;pxky
1295	154	1700369782	154_20231119045621.png		34.79630585985362	135.89792483290512	130.7626495361328	35	2023-11-19 04:56:39	2023-11-19 04:56:39	ZeM0VL9	ÂíåÊùü;Ëå∂Áïë;pxky
1301	154	1700628883	154_20231122045443.png		35.6817282744114	139.76556610902293	4.957261172123253	4.70181701982342	2023-11-22 04:55:02	2023-11-22 04:55:02	nKV09re	ÈßÖ;Êù±‰∫¨;pxky
1303	154	1700980033	154_20231126062712.png	„ÇÅ„Å°„ÇÉ„Åè„Å°„ÇÉÈáëÊéõ„Åã„Å£„Å¶„Çã„Å™‚Ä¶Ë®≠ÂÇô„Åå„É™„ÉÉ„ÉÅ	34.41008162745149	135.7152126923496	236.05466909799725	4.741493436233252	2023-11-26 06:28:08	2023-11-26 06:28:08	EvYgYZy	ÂÖ¨Âúí;„Ç¢„Éº„Éà;„Åü„ÅÆ„Åó„ÅÑ;pxky
1304	154	1700980697	154_20231126063816.png	Ë¨é„ÅÆ6	34.40992944058425	135.7148263527527	240.76875716634095	4.7446699698662025	2023-11-26 06:38:39	2023-11-26 06:38:39	ydYlYPg	ÂÖ¨Âúí;„Ç¢„Éº„Éà;pxky
1328	154	1701818220	154_20231205231700.png		34.72293786628546	135.71974252237442	138.41364336386323	4.747793251936947	2023-12-05 23:17:18	2023-12-05 23:17:18	XJkv5k0	Êüø;ÈùíÁ©∫;pxky
1329	154	1701818253	154_20231205231732.png		34.722791575586044	135.71995168674565	131.50550079345703	35	2023-12-05 23:17:48	2023-12-05 23:17:48	ydp3qBL	Áî∞Ëàé;pxky
1333	154	1702504657	154_20231213215737.png	Èõ™„Åã„ÇâÊ§çÁâ©„ÇíÂÆà„Çã„ÇÑ„Å§„Å®Â±±	35.90305315178807	136.1706402848364	35.01397603470832	4.4662911050688185	2023-12-13 21:58:17	2023-12-13 21:58:17	4nrnM5A	Ëá™ÁÑ∂;ÂÜ¨;Â±±;pxky
1340	154	1702510415	154_20231213233334.png		35.84306467337955	136.21246925773494	112.49525039549917	4.74504455195649	2023-12-13 23:33:46	2023-12-13 23:33:46	oKqK3lA	„Ç®„É¢;Â±±;pxky
1427	154	1704079832	154_20240101033031.png	„ÅÇ„Å£„Åü„Åã„ÅÑ„Å≠„Åá	34.73783993637893	134.83455027503683	6.609162330627441	59	2024-01-01 03:31:15	2024-01-01 03:31:15	veOdBNX	Á•ûÁ§æ;ÈùíÁ©∫;ÂàùË©£;pxky
1431	154	1705358506	154_20240115224146.png	„ÇÅ„Å£„Å°„ÇÉËçâÁîü„Åà„Å®„Çã	26.213412598646542	127.67917822787166	10.829488754272461	40	2024-01-15 22:42:33	2024-01-15 22:42:33	re54p40	„Ç™„Ç∑„É£„É¨;ÁúåÂ∫Å;Âª∫Áâ©;pxky
1432	154	1705358639	154_20240115224358.png	„Çπ„ÇØ„É©„É≥„Éñ„É´‰∫§Â∑ÆÁÇπ	26.213685787403	127.68024249060225	8.610307008959353	14.162977867930946	2024-01-15 22:44:21	2024-01-15 22:45:10	LLOKReN	ÊôØËâ≤;ÈÅìË∑Ø;„Åæ„Å∂„Åó„ÅÑ;„Çπ„ÇØ„É©„É≥„Éñ„É´‰∫§Â∑ÆÁÇπ;pxky
1442	154	1705392083	154_20240116080123.png		26.205012377509956	127.65130554791791	11.370100975036621	87.33333333333333	2024-01-16 08:01:32	2024-01-16 08:01:32	nK5rzqp	Á©∫Ê∏Ø;„Éú„Éº„É´;pxky
1443	154	1705392171	154_20240116080250.png		26.20504093796838	127.65112091588774	9.503190040588379	44	2024-01-16 08:03:26	2024-01-16 08:03:26	9MdzJA3	„ÇÜ„ÅÑ„É¨„Éº„É´;‰∫§ÈÄöÊ©üÈñ¢;„É¢„Éé„É¨„Éº„É´;„É©„ÉÉ„Éî„É≥„Ç∞„Ç´„Éº;pxky
1446	154	1706064874	154_20240124025433.png	ÈÅÖÂª∂„Åó„Åü„ÇÇ„ÅÆ„ÅÆÂà∞ÁùÄ	33.59687426831598	130.44807695892462	-1	18.780689561897038	2024-01-24 02:55:08	2024-01-24 02:55:08	7n2AxRk	Á©∫Ê∏Ø;È£õË°åÊ©ü;pxky
1450	154	1706084014	154_20240124081334.png	Èõ™„ÅåÁ©ç„ÇÇ„Å£„Å¶„Çã„Äú	33.28895689834676	130.33473445948442	10.386687278747559	289.3333333333333	2024-01-24 08:14:03	2024-01-24 08:14:03	oK5927O	ÊôØËâ≤;Èõ™;ÂÜ¨;pxky
1458	154	1706153182	154_20240125032622.png		33.25590246720309	130.29966334100163	7.07654973026365	15.06022891156334	2024-01-25 03:26:32	2024-01-25 03:26:32	LLEJ2BM	„Ç∑„É≥„Éú„É´;„Ç¢„Éº„Éà;pxky
1463	154	1707434421	154_20240208232021.png		34.7323617022682	135.7338080399604	126.93813705444336	45	2024-02-08 23:20:47	2024-02-08 23:20:47	2M2e5PZ	pxky
1464	154	1707469682	154_20240209090801.png		34.73191319336005	135.7333767935269	126.28582763671875	35	2024-02-09 09:08:20	2024-02-09 09:08:20	Ze5PJJa	pxky;Â§úÁ©∫
1465	154	1707553773	154_20240210082933.png		34.707194343729974	135.7306679647641	117.35111999511719	38	2024-02-10 08:29:47	2024-02-10 08:29:47	7n2QygO	pxky
1466	154	1707626097	154_20240211043457.png		34.710618869546906	135.75291578000116	111.79951477050781	410.81201107207266	2024-02-11 04:35:24	2024-02-11 04:35:24	BZ01JKg	ÂÖ¨Âúí;pxky
1471	154	1707814962	154_20240213090242.png		34.6889867746071	135.80247201459667	64.47976684570312	123	2024-02-13 09:02:56	2024-02-13 09:02:56	dX5WMQa	pxky;Â§ïÁÑº„Åë
1472	154	1708037418	154_20240215225018.png		34.827895721696365	134.69028999249298	19.66704750061035	52	2024-02-15 22:50:39	2024-02-15 22:50:39	dX5RAdX	pxky
1474	154	1708076927	154_20240216094846.png		34.82771312675265	134.6903443637561	16.176408325321972	14.251095862150827	2024-02-16 09:49:14	2024-02-16 09:49:14	9Mdq8gg	pxky;Â§úÁ©∫
1475	154	1708157668	154_20240217081428.png		34.74618365044508	135.77065769024753	107.11677169799805	35	2024-02-17 08:14:41	2024-02-17 08:14:41	xVyr6eN	pxky
1476	154	1708233674	154_20240218052114.png		34.711117883296914	135.75323431568287	113.26956939697266	28.54591455167095	2024-02-18 05:22:01	2024-02-18 05:22:01	3J9ZQk2	ÂÖ¨Âúí;ÈÅäÂÖ∑;pxky
1483	154	1708299624	154_20240218234023.png	„Å©„Çà„Å©„Çà	34.73183286246827	135.7338409459997	127.21825694447182	10.747624544817631	2024-02-18 23:40:41	2024-02-18 23:40:41	K0X508d	pxky
1484	154	1708389868	154_20240220004427.png	„Éï„Ç©„ÇÆ„Éº„Å™Êúù	34.73213203601959	135.7338504634846	123.42806243896484	48.25573214823406	2024-02-20 00:45:06	2024-02-20 00:45:06	K0XYL5d	pxky;Èúß
1486	154	1708570611	154_20240222025651.png		34.70939207939564	135.82841732581986	89.32379751805996	18.511787939611196	2024-02-22 02:57:13	2024-02-22 02:57:13	mA8Qg13	pxky
1487	154	1708609684	154_20240222134803.png		34.73185323927797	135.7337662219199	124.6535873413086	46	2024-02-22 13:48:18	2024-02-22 13:48:18	nK5gxq3	pxky
1488	154	1708731362	154_20240223233601.png		34.728936529210415	135.74355750913438	113.3592414855957	40	2024-02-23 23:36:42	2024-02-23 23:36:42	qewV5Xk	pxky
1489	154	1708824478	154_20240225012757.png	ÊøÉÈúßÔºÅ	34.76671626861146	135.24165437970245	849.12602763623	4.317167504788078	2024-02-25 01:28:18	2024-02-25 01:28:18	5Axkl1p	pxky
1490	154	1708840256	154_20240225055055.png		34.767592044242136	135.24217964023617	840.7306518554688	50.209121335973606	2024-02-25 05:51:13	2024-02-25 05:51:13	mA8LygE	pxky
1491	154	1708906366	154_20240226001246.png		34.706062617198455	135.7475664641206	119.27863311767578	35	2024-02-26 00:13:03	2024-02-26 00:13:03	ko5d5rQ	pxky
1492	154	1709004275	154_20240227032434.png		34.68587469798537	135.83214167761676	88.44303512573242	35	2024-02-27 03:24:56	2024-02-27 03:24:56	3J9xL5J	„Ç∑„É≥„Éú„É´;„Ç™„Éñ„Ç∏„Çß;pxky
1493	573	1709071713	573_20240227220832.png	Morning	34.70776227260921	135.7470209491351	125.10315704345703	40	2024-02-27 22:08:51	2024-02-27 22:08:51	oN67BAn	pxky
1496	154	1709250452	154_20240229234731.png		33.58233965032996	130.40641967638308	7.162656675092876	14.215715076804749	2024-02-29 23:47:52	2024-02-29 23:47:52	P0KOZ9e	pxky
1498	154	1709331649	154_20240301222049.png		33.59713144332206	130.44703622137945	-1	18.927902925644165	2024-03-01 22:21:09	2024-03-01 22:21:09	p5ZdW5m	pxky
1499	154	1709332552	154_20240301223551.png		33.587964304372214	130.4528204281334	7.842725905527416	10.287753579142297	2024-03-01 22:36:03	2024-03-01 22:36:03	P0K7JRp	pxky
1500	154	1709334048	154_20240301230048.png		33.58334459039836	130.45244034863407	4.290041293472235	2.9595609452820217	2024-03-01 23:01:03	2024-03-01 23:01:03	Q0nrn3w	pxky
1501	154	1709334090	154_20240301230129.png		33.59338615247344	130.44564767135356	24.455280836514646	11.630113914308222	2024-03-02 00:55:06	2024-03-02 00:55:06	weZQZE9	pxky
1502	154	1709340932	154_20240302005532.png		42.77493533974304	141.688240871626	15.230294043198228	6.7589729904281635	2024-03-02 00:55:41	2024-03-02 00:55:41	EvKrOo1	pxky
1503	154	1709354589	154_20240302044308.png		42.6985627361748	141.1275989413662	457.9497375013307	4.404097970012331	2024-03-02 04:43:27	2024-03-02 04:43:27	W05PzJV	pxky
1504	154	1709425122	154_20240303001841.png		42.754680602682974	140.90277277399156	441.3492889404297	35	2024-03-03 00:18:56	2024-03-03 00:18:56	2MB5aLO	pxky
1505	154	1709436931	154_20240303033530.png		42.722458874080154	140.9118614272956	690.75612914378	3.094799138901453	2024-03-03 03:35:47	2024-03-03 03:35:47	3J1zW8p	pxky
1506	154	1709530939	154_20240304054218.png		42.71134350743998	140.92265456846968	986.0127563476562	244.3050749063154	2024-03-04 05:42:33	2024-03-04 05:42:33	LLgxM4N	pxky
1507	154	1709534340	154_20240304063900.png		42.736691855389516	140.91037489640246	463.1211401122653	3.945641256653327	2024-03-04 06:39:12	2024-03-04 06:39:12	R7nOR8v	pxky
1508	154	1709874470	154_20240308050749.png		35.69162056563494	139.73546255034472	17.70501570968981	3.177778746660975	2024-03-08 05:07:59	2024-03-08 05:07:59	loR8rJv	pxky
1509	154	1710234582	154_20240312090942.png		34.68426537874153	135.8286116975784	89.89070892333984	35	2024-03-12 09:09:51	2024-03-12 09:09:51	LLg30zW	pxky
1510	154	1710278246	154_20240312211726.png		34.678575752427946	135.60303268402603	1.109100341796875	44.00856378073887	2024-03-12 21:17:39	2024-03-12 21:17:39	O09naEO	pxky
1512	154	1710408052	154_20240314092052.png		35.50823014967318	139.6168745657971	12.119221687316895	102.6057664485284	2024-03-14 09:21:04	2024-03-14 09:21:04	yd0pMdQ	pxky
1513	154	1710461092	154_20240315000451.png		35.503244395672276	139.60762128256252	13.089344024658203	40	2024-03-15 00:05:02	2024-03-15 00:05:02	YeN9EzR	pxky
1516	154	1710463117	154_20240315003836.png		35.48443168847544	139.62168369032227	25.82121085282415	14.250016750709737	2024-03-15 00:38:53	2024-03-15 00:38:53	VvKJzxQ	pxky
1517	154	1710861717	154_20240319152156.png		34.703676539415454	135.75029737262187	126.8824691772461	40	2024-03-19 15:22:09	2024-03-19 15:22:09	VvKA2Y9	pxky
1519	154	1710977641	154_20240320233400.png	„ÅÑ„ÅÑÂ§©Ê∞óÔºÅ	34.731946710416935	135.73353123837543	127.1813850402832	35	2024-03-20 23:34:20	2024-03-20 23:34:20	R7n3Xle	pxky
1524	154	1711681365	154_20240329030244.png		34.692873700325336	135.69724605314022	158.2530059814453	35	2024-03-29 03:03:21	2024-03-29 03:03:21	XJK9qRg	pxky
1526	154	1711743589	154_20240329201948.png		34.731919870339404	135.73342135642977	126.85285568237305	39	2024-03-29 20:19:54	2024-03-29 20:19:54	W05ylJ5	pxky
1532	154	1711848427	154_20240331012706.png		34.70545113550053	135.73571669451547	133.93384505156428	4.736728438283054	2024-03-31 01:27:22	2024-03-31 01:27:22	9MAqLMK	Ê°úÂí≤;pxky
1533	154	1711848457	154_20240331012736.png		34.70540074145	135.7349407937278	122.04716245364398	4.728689543429521	2024-03-31 01:27:45	2024-03-31 01:27:45	a4NRW4e	Ê°úÂí≤;pxky
1536	154	1711871821	154_20240331075701.png		34.67872045132904	133.9187022906581	6.544055951579743	3.1865257676590555	2024-03-31 07:57:13	2024-03-31 07:57:13	2MBWlnZ	pxky
1539	154	1711926967	154_20240331231607.png		34.681479695200174	133.9174923695683	6.200177192687988	49.32658129837075	2024-03-31 23:16:23	2024-03-31 23:16:23	K0KlYY7	pxky
1550	154	1711960471	154_20240401083430.png		34.6890813097117	133.92011532369816	8.201932907104492	35	2024-04-01 08:34:57	2024-04-01 08:34:57	9MAZOJn	Ê°úÂí≤;pxky
1555	154	1712016407	154_20240402000647.png	Â±±„ÅÆÊñúÈù¢„Å´„Å°„Çâ„Åª„ÇâÊ°ú„Åå„ÅÇ„Çã„Çà„ÅÜ„Å´Ë¶ã„Åà„Çã	34.68853597444966	133.9223180741349	9.188471078168192	3.850356717253348	2024-04-02 00:07:10	2024-04-02 00:07:10	P0KVavy	Ê°úÂí≤;pxky
1558	154	1712102913	154_20240403000833.png	Èõ®„ÉÄ„Ç°‚òÇÔ∏è	34.68923314360094	133.92373089677852	7.9868267038837075	4.729559718376472	2024-04-03 00:09:05	2024-04-03 00:09:05	4nm1NAR	Ê°úÂí≤;pxky
1575	154	1712221521	154_20240404090520.png	Â§ïÁÑº„Åë„Åå„ÅÑ„ÅÑÊÑü„Åò	34.6899471311131	133.92334333678014	17.487445831298828	30.843393443601823	2024-04-04 09:05:29	2024-04-04 09:06:23	XJK0ZRw	pxky
1576	154	1712221540	154_20240404090539.png	Â±±„ÅÆÊñúÈù¢„Å´Â∞ë„Åó„Å†„ÅëÊ°ú	34.6899471311131	133.92334333678014	17.539466857910156	30.843393443601823	2024-04-04 09:06:08	2024-04-04 09:06:08	nKZo324	Ê°úÂí≤;pxky
1655	154	1712449469	154_20240407002429.png		34.666853614575324	133.93868553251298	5.678378011358248	11.139027064126834	2024-04-07 00:24:43	2024-04-07 00:24:43	loRkA7Q	Ê°úÂí≤;pxky;ÂæåÊ•ΩÂúí
1656	154	1712449712	154_20240407002832.png		34.66718003152743	133.9385874102861	3.5696880319461783	2.8206647662715074	2024-04-07 00:28:39	2024-04-07 00:28:39	a4Nmyl6	Ê°úÂí≤;pxky;ÂæåÊ•ΩÂúí
1662	154	1712450413	154_20240407004012.png		34.67016247083673	133.9352282219221	8.260034599617072	4.129758858349891	2024-04-07 00:40:23	2024-04-07 00:40:23	a4Nm0qo	Ê°úÂí≤;pxky;ÂæåÊ•ΩÂúí
1663	154	1712450468	154_20240407004107.png		34.67016076950382	133.93460220687055	15.466180801391602	46	2024-04-07 00:41:16	2024-04-07 00:41:16	K0KNrgY	Ê°úÂí≤;pxky;ÂæåÊ•ΩÂúí
1664	154	1712450484	154_20240407004124.png		34.670252775219055	133.93464452202127	9.629539397545159	4.672981850386054	2024-04-07 00:41:33	2024-04-07 00:41:33	R7nN40v	Ê°úÂí≤;pxky;ÂæåÊ•ΩÂúí
1665	154	1712450518	154_20240407004158.png		34.67006113068205	133.93443728445004	17.61617660522461	76.24539819820296	2024-04-07 00:42:05	2024-04-07 00:42:05	dXNov3v	Ê°úÂí≤;pxky;ÂæåÊ•ΩÂúí
1666	154	1712454757	154_20240407015236.png	ÈÅãËª¢ÂÖçË®±„Çª„É≥„Çø„Éº„ÅÆÈßêËªäÂ†¥„Åã„Çâ	34.74618306477601	133.91953811398383	159.3348647709936	4.246746396891643	2024-04-07 01:53:02	2024-04-07 01:55:30	a4NWxBQ	Ê°úÂí≤;pxky
1669	154	1712455777	154_20240407020937.png		34.747156499261	133.92035412005444	163.38717425614595	4.34019707404561	2024-04-07 02:09:47	2024-04-07 02:09:47	5Aa80p6	Ê°úÂí≤;pxky
1670	154	1712455882	154_20240407021122.png	ÈñãÊîæÊÑü„Åå„Åô„Åî„ÅÑÂÖçË®±Ë©¶È®ìÂ†¥	34.747014156724354	133.92047881794372	160.1248779296875	39	2024-04-07 02:11:39	2024-04-07 02:11:39	LLgdwKN	Ê°úÂí≤;pxky
1673	154	1712456341	154_20240407021900.png	Ë∏èÂàá„Åã„Çâ„ÅÆÂùÇÈÅìÁô∫ÈÄ≤	34.74677402337944	133.91997942566914	162.18215942382812	94.66666666666667	2024-04-07 02:19:23	2024-04-07 02:19:23	R7nxQ7w	Ê°úÂí≤;pxky
1737	154	1712724001	154_20240410044001.png		34.67763729590895	133.91842476335498	8.030219078063965	64	2024-04-10 04:40:09	2024-04-10 04:40:09	weZy277	Ê°úÂí≤;pxky
1738	154	1712724018	154_20240410044017.png		34.67798333557076	133.91852167050433	8.030219078063965	126.66666666666667	2024-04-10 04:40:22	2024-04-10 04:40:22	qeZOX0y	Ê°úÂí≤;pxky
1769	154	1712979749	154_20240413034229.png		34.748771123438694	134.87300387664507	21.737106323242188	47	2024-04-13 03:42:49	2024-04-13 03:42:49	p5v8kmK	Ê°úÂí≤;pxky
1770	154	1712979797	154_20240413034317.png		34.74852649956663	134.87297363965052	22.731449175646603	5.075690740043018	2024-04-13 03:43:24	2024-04-13 03:43:24	BZlgm8g	Ê°úÂí≤;pxky
1771	154	1712979814	154_20240413034334.png		34.748488979646474	134.8730112161266	22.4487391753854	2.811428948179712	2024-04-13 03:43:39	2024-04-13 03:43:39	oKvREJp	Ê°úÂí≤;pxky
1773	154	1712979874	154_20240413034434.png		34.74905613915523	134.8733431042208	23.8773250579834	58.177789404746626	2024-04-13 03:44:45	2024-04-13 03:44:45	3JlA7PB	Ê°úÂí≤;pxky
1810	154	1713063576	154_20240414025936.png		34.870010803609745	134.54234192735422	78.93528747558594	61	2024-04-14 02:59:48	2024-04-14 02:59:48	EvZrxmy	Ê°úÂí≤;pxky
1831	154	1713073459	154_20240414054418.png	Êµ∑„Å®Êù±Â±ã„Å®Ê°ú	34.730285548390356	134.4135362923972	53.071685791015625	189.33333333333334	2024-04-14 05:44:24	2024-04-15 01:24:13	oKv83PO	Ê°úÂí≤;pxky
1832	154	1713073641	154_20240414054720.png		34.73009868355333	134.41382683320938	36.88973378357031	12.008738979440952	2024-04-14 05:47:28	2024-04-14 05:47:28	R7ZqwVk	Ê°úÂí≤;pxky
1833	154	1713074016	154_20240414055336.png		34.73013539934252	134.41358680102266	37.8008126327768	5.652119783085655	2024-04-14 05:53:53	2024-04-14 05:53:53	VvwZppK	Ê°úÂí≤;pxky
1834	154	1713074052	154_20240414055411.png		34.73013539934252	134.41358680102266	37.8008126327768	5.652119783085655	2024-04-14 05:54:26	2024-04-14 05:54:26	P0Z7M9e	Ê°úÂí≤;pxky
1835	154	1713074160	154_20240414055600.png	Ê°úË∂ä„Åó„Å´ÁÄ¨Êà∏ÂÜÖÊµ∑„ÇíÊúõ„ÇÄ	34.731130214091806	134.4137952704549	55.44168472290039	173	2024-04-14 05:56:08	2024-04-15 01:25:34	VvwZpJ6	Ê°úÂí≤;pxky
1838	154	1713076624	154_20240414063704.png		34.72698490388374	134.4087691499711	5.820860862731934	35	2024-04-14 06:37:28	2024-04-14 06:37:28	xV5LOJX	pxky
1839	154	1713076659	154_20240414063739.png		34.72698316587095	134.40881762949707	0.7140687704086304	35	2024-04-14 06:37:43	2024-04-14 06:37:43	eXVmvwr	pxky
1840	154	1713077102	154_20240414064501.png	Â±±„ÅÆ„Å¶„Å£„Å∫„Çì„Å´Ê°úÂí≤	34.72758597031474	134.41084845459508	4.812367916107178	72.61408763074581	2024-04-14 06:45:25	2024-04-15 01:20:03	weMQw57	Ê°úÂí≤;pxky
1851	690	1714016282	690_20240425033802.png		35.892374	139.6642586	53	102.44999694824219	2024-04-25 03:39:20	2024-04-25 03:39:20	RKoleB8	pxky
1856	573	1714177077	573_20240427001757.png	ÊòéÁü≥Êµ∑Â≥°Â§ßÊ©ã„Å®Á©∫	34.57340352917364	135.01231428890793	184.19278860102105	51.8730732964464	2024-04-27 00:18:18	2024-04-27 00:18:18	0wRrwDA	Ê©ã;pxky
1862	690	1714195488	690_20240427052447.png		35.7810473	140.3866147	79.30000305175781	93.81599426269531	2024-04-27 05:24:58	2024-04-27 05:24:58	vor9vp9	pxky
1864	573	1714197282	573_20240427055442.png		34.60157526727263	135.00875189868486	6.146392345428467	78.308778988	2024-04-27 05:54:48	2024-04-27 05:54:48	XGJPv8D	Ê©ã;pxky
1867	573	1714202630	573_20240427072350.png		34.73406192781926	134.9080557079362	44.178775787353516	116.20477953276281	2024-04-27 07:24:11	2024-04-27 07:24:11	zE0KxE5	pxky
1868	690	1714268119	690_20240428013519.png		26.2417494	127.7419836	115.41744119515242	14.70199966430664	2024-04-28 01:36:01	2024-04-28 01:36:01	aD41mee	„ÇÜ„ÅÑ„É¨„Éº„É´;pxky;„Å¶„Å†„ÅìÊµ¶Ë•ø
1869	690	1714282422	690_20240428053342.png		26.3044975	127.7594841	34.93585387125584	70.6449966430664	2024-04-28 05:33:54	2024-04-28 05:33:54	KKRNnny	pxky
1870	690	1714282456	690_20240428053415.png		26.3052237	127.7596177	35.64503468918615	54.08399963378906	2024-04-28 05:34:28	2024-04-28 05:34:28	PK4ZRRd	pxky
1871	690	1714445189	690_20240430024629.png		26.2250479	127.684214	36.80000305175781	68.42839813232422	2024-04-30 02:47:02	2024-04-30 02:47:02	V1834E8	pxky;Ê≥äÊ∏ØÊ©ã
1874	573	1714638640	573_20240502083040.png	Ê∞óÊåÅ„Å°„ÅÆËâØ„ÅÑÂçàÂæå	34.690013391973864	133.92333566192917	9.868415832519531	35	2024-05-02 08:31:03	2024-05-02 08:31:03	bwq3J3O	pxky
1875	573	1714643423	573_20240502095023.png		34.689997399401335	133.92333606177854	9.868786811828613	46.00054885052183	2024-05-02 09:50:33	2024-05-02 09:50:33	84Rwn2A	pxky
1887	573	1714783262	573_20240504004102.png		34.71225803590184	133.87320679182076	22.010127258264262	5.3259908073062805	2024-05-04 00:41:08	2024-05-04 00:41:08	kv2wGol	pxky;„ÅÑ„Å°„Åî
1888	573	1714785270	573_20240504011429.png		34.83418142207932	133.92740149088587	47.03271097969264	4.706312938477289	2024-05-04 01:14:47	2024-05-04 01:14:47	xRv6dGo	ÈØâ„ÅÆ„Åº„Çä;pxky
1889	573	1714785345	573_20240504011545.png		34.8341619937187	133.92742084061845	48.294289969839156	4.723892542961669	2024-05-04 01:15:51	2024-05-04 01:15:51	Qd7XRdG	pxky
1900	573	1714944437	573_20240505212716.png		34.99114803463452	135.39028999982963	310.94300075793467	5.2833386315714295	2024-05-05 21:27:33	2024-05-05 21:27:33	dvXwvX0	Ëá™ÁÑ∂;Â±±;pxky
1906	573	1715225700	573_20240509033500.png		34.68924019467901	133.92448812536335	9.926569938659668	35	2024-05-09 03:35:11	2024-05-09 03:35:11	6LRzEN3	pxky
1909	573	1715402429	573_20240511044029.png		34.679067058348416	133.91906069884703	9.022617316116992	4.291014945057704	2024-05-11 04:40:41	2024-05-11 04:40:41	2zRvXlx	pxky
1911	573	1715594676	573_20240513100435.png		34.68705061141687	133.9144178818842	5.821924919185996	3.1048284191737388	2024-05-13 10:04:49	2024-05-13 10:04:49	lvl2jmL	pxky
1914	573	1715727658	573_20240514230057.png		34.757548408647146	133.85031387973092	246.78466796875	35.471300002032116	2024-05-14 23:01:07	2024-05-14 23:01:07	1PRJWzR	pxky
1915	573	1715727793	573_20240514230312.png		34.75858697121599	133.85032705343997	247.27124555315822	4.343094742209829	2024-05-14 23:03:23	2024-05-14 23:03:23	nQ3wP4b	Á©∫Ê∏Ø;pxky
1916	573	1715727856	573_20240514230415.png	„ÇÅ„Å£„Å°„ÇÉÁ∂∫È∫ó„Å´„ÅÜ„Å§„Å£„Å®„Çã	34.76032528841432	133.85076610053383	246.50779724121094	42	2024-05-14 23:04:34	2024-05-14 23:04:34	KoQ76Rr	pxky
1918	573	1715731653	573_20240515000732.png		34.7599511275859	133.85305269310942	249.57778930664062	35	2024-05-15 00:07:39	2024-05-15 00:07:39	ABAzM75	Á©∫Ê∏Ø;pxky
1919	573	1715740688	573_20240515023807.png		26.20268617789123	127.64941637921545	32.024269104003906	1959.5261216971708	2024-05-15 02:38:25	2024-05-15 02:38:25	qnRolQx	Á©∫Ê∏Ø;pxky
1921	573	1715814790	573_20240515231309.png		26.2143348646735	127.67649151199986	9.872201574128475	16.785600473617748	2024-05-15 23:13:35	2024-05-15 23:13:35	Qd7KBMO	ÂÖ¨ÂÖ±‰∫§ÈÄöÊ©üÈñ¢;pxky
1923	573	1715844598	573_20240516072958.png		26.221289243114438	127.67219691934012	8.714099884033203	52	2024-05-16 07:30:15	2024-05-16 07:30:15	5DR4On8	pxky;„Éì„Éº„ÉÅ
1932	573	1715901379	573_20240516231619.png		26.221471306088706	127.67126272559847	6.7259220983833075	49.487570150238355	2024-05-16 23:16:46	2024-05-16 23:16:46	GoJL9DE	Êµ∑;pxky;Ê≥¢‰∏äÂÆÆ
1936	573	1715902180	573_20240516232939.png		26.220436807182463	127.67067624334531	4.96523380279541	40	2024-05-16 23:29:54	2024-05-16 23:29:54	GoJLZvL	Êµ∑;pxky;Ê≥¢‰∏äÂÆÆ
1940	573	1715938438	573_20240517093358.png		26.20565340708554	127.64994356472087	9.052661209757602	9.927084080248543	2024-05-17 09:34:18	2024-05-17 09:34:18	XGJLAQo	Á©∫Ê∏Ø;pxky
1941	573	1716008658	573_20240518050418.png		34.679216633648075	133.91647041603366	9.062977112829685	4.940887198815426	2024-05-18 05:04:37	2024-05-18 05:04:37	Jv68JQn	„Ç§„Éô„É≥„Éà;pxky
1947	573	1716092268	573_20240519041748.png		35.171984145310226	134.33595070120788	328.65740966796875	35	2024-05-19 04:17:59	2024-05-19 04:17:59	986jwGN	pxky
1950	154	1716199702	154_20240520100821.png		34.690331460992184	133.92128909569556	8.96137809753418	40	2024-05-20 10:08:38	2024-05-20 10:08:38	weM5yB0	pxky
1951	154	1716274669	154_20240521065748.png	„ÅÑ„ÅÑÂ§©Ê∞ó„Å†	34.68995481687677	133.9236242788027	7.377735137939453	39	2024-05-21 06:58:13	2024-05-21 06:58:13	xV5KeEM	pxky
1953	690	1716284746	690_20240521094546.png		35.8992994	139.6627257	39.77830147694207	92.9000015258789	2024-05-21 09:45:57	2024-05-21 09:45:57	4y8oBZ9	pxky
1955	573	1716459671	573_20240523102111.png		34.68993879347268	133.9235845033208	8.215554546564817	9.291412593020398	2024-05-23 10:21:22	2024-05-23 10:21:22	OzZkMBB	pxky
1956	154	1716694553	154_20240526033552.png	Êñ∞ÂππÁ∑ö„ÅÆËªäÁ™ì„Åã„ÇâüöÑ	34.80007639784528	137.32387900256177	15.209145764820278	4.731828310859131	2024-05-26 03:36:07	2024-05-26 03:37:16	ydeymKQ	pxky
1957	154	1716694593	154_20240526033633.png		34.78787454166596	137.3535458006396	15.647784543223679	4.733068424518142	2024-05-26 03:36:49	2024-05-26 03:36:49	p5rROrl	pxky
1958	690	1716707506	690_20240526071145.png		26.3162668	127.7537695	39.60000228881836	94.47859954833984	2024-05-26 07:12:34	2024-05-26 07:12:34	qnq7xw6	pxky;„Ç¢„É°„É™„Ç´„É≥„Éì„É¨„ÉÉ„Ç∏
1959	573	1716716657	573_20240526094416.png		35.25912432572774	139.60976988528796	175.25177001953125	35	2024-05-26 09:44:29	2024-05-26 09:44:29	oNRvvWO	pxky
1962	573	1716938648	573_20240528232407.png		35.259349207202234	139.609858758165	175.39986419677734	35	2024-05-28 23:24:18	2024-05-28 23:24:18	m6lrxb2	pxky
1963	573	1716938916	573_20240528232836.png		35.259362518958866	139.6090489213268	184.77331161499023	35	2024-05-28 23:28:46	2024-05-28 23:28:46	POrE9q8	pxky
1965	573	1716967027	573_20240529071706.png		35.32391200158321	139.55510143154493	13.124422592110932	4.9809930232115	2024-05-29 07:23:18	2024-05-29 07:23:18	yEq0Od7	pxky
2030	573	1717211300	573_20240601030819.png		34.67682978468406	133.90830996193452	8.056473314096223	4.842092858602982	2024-06-01 03:08:30	2024-06-01 03:08:30	KoEM14y	pxky
3641	573	1717386205	573_20240603034324.png		35.626161777727944	139.77901168894863	10.298626253381371	4.719258563145654	2024-06-03 03:43:41	2024-06-03 03:43:41	nQRvzyy	„Éê„Çπ;ÂÖ¨ÂÖ±‰∫§ÈÄöÊ©üÈñ¢;pxky;ÁáÉÊñôÈõªÊ±†„Éê„Çπ
3643	573	1717386718	573_20240603035157.png	ÂàùÂ§è„Å†„Å≠„Åá	35.621928986508934	139.77560685009604	10.966486303135753	4.7276235086550855	2024-06-03 03:52:18	2024-06-03 03:52:18	4r2DKxl	pxky
3646	573	1717456364	573_20240603231243.png		35.6680064400704	139.75063012612577	8.779688562266529	14.251066453521261	2024-06-03 23:13:12	2024-06-03 23:13:12	DwEkMOx	pxky
3647	573	1717538934	573_20240604220853.png		35.667079037376574	139.74835099703594	34.619451954285594	4.345260717403082	2024-06-04 22:09:06	2024-06-04 22:09:06	0wJwyE1	pxky
3648	573	1717539000	573_20240604220959.png		35.666911173547724	139.74898179415788	12.451990127563477	68.4636990628	2024-06-04 22:10:12	2024-06-04 22:10:12	KoEo8jX	„Ç¢„Éº„Éà;pxky;„Éí„É´„Ç∫
3649	573	1717570151	573_20240605064910.png		35.66200134396147	139.74437833418486	16.712082853540778	15.632693977870495	2024-06-05 06:49:23	2024-06-05 06:49:23	B7Oqdo7	pxky;„Éí„É´„Ç∫
3650	573	1717578327	573_20240605090526.png	ÈõÖÂèôÂúí	35.63208530218814	139.71301545516977	8.027313953265548	14.285252450056987	2024-06-05 09:05:45	2024-06-05 09:05:45	yEqmoNv	pxky
3652	573	1717667595	573_20240606095315.png		35.651696285457305	139.76091301497064	5.243744518607855	5.179957723182236	2024-06-06 09:53:27	2024-06-06 09:53:27	7Pb3y9J	pxky;Êù±‰∫¨Êπæ
3653	573	1717671124	573_20240606105203.png		35.712929980043334	139.80136465523043	3.912534475326538	96	2024-06-06 10:52:17	2024-06-06 10:52:17	84Ox4Zr	pxky;„Çπ„Ç´„Ç§„ÉÑ„É™„Éº
3654	573	1717671551	573_20240606105910.png		35.71242029013704	139.80146473343655	-16.42828369140625	375.6356002580348	2024-06-06 10:59:20	2024-06-06 10:59:20	B7O4q9z	Ê©ã;pxky
3655	573	1717671568	573_20240606105927.png		35.713074596730905	139.80209216893755	-16.788410186767578	76	2024-06-06 10:59:33	2024-06-06 10:59:33	84OxqBm	pxky;Â±ãÂΩ¢Ëàπ
3656	573	1717674403	573_20240606114642.png		35.63547538837654	139.7694298990876	1.0418542411508227	3.2376978459100987	2024-06-06 11:46:54	2024-06-06 11:46:54	NWrwwRJ	Ê©ã;pxky;Êù±‰∫¨Êπæ;„É¨„Ç§„É≥„Éú„Éº„Éñ„É™„ÉÉ„Ç∏
3657	573	1717674971	573_20240606115610.png		35.63079395928664	139.77374621971353	0.878725528717041	151.22239828749574	2024-06-06 11:56:21	2024-06-06 11:56:21	yEqnnxQ	Ê©ã;pxky;Â±ãÂΩ¢Ëàπ;Êù±‰∫¨Êπæ;„É¨„Ç§„É≥„Éú„Éº„Éñ„É™„ÉÉ„Ç∏
3658	573	1717756895	573_20240607104135.png		35.55694098488396	139.77836388371324	1.3414700031280518	217.22600354609833	2024-06-07 10:41:44	2024-06-07 10:41:44	7PblrKk	Á©∫Ê∏Ø;È£õË°åÊ©ü;pxky
3661	573	1718360630	573_20240614102350.png	„ÉÅ„É´„ÅÑ	34.689153586240785	133.92250847938138	9.227264204062521	4.608476493937873	2024-06-14 10:24:15	2024-06-14 10:24:15	zEObYD5	„ÉÅ„É´;pxky
3666	573	1718752158	573_20240618230917.png		34.60146997942365	133.76606977063136	8.602610573778435	18.95157252288618	2024-06-18 23:09:32	2024-06-18 23:09:32	1PWBwMy	pxky
3668	573	1718760696	573_20240619013135.png		34.59597683405248	133.771549218489	11.162000588007366	7.26882806735349	2024-06-19 01:31:51	2024-06-19 01:31:51	7Pb06vq	pxky
3674	573	1718771107	573_20240619042507.png		34.60259774064562	133.7655379573871	8.153522491455078	65.46284859899937	2024-06-19 04:25:22	2024-06-19 04:25:22	7Pb0w97	pxky
3680	573	1719091800	573_20240622212959.png		35.16082707765368	134.33738749325903	325.6513837336205	13.739450994167344	2024-06-22 21:30:17	2024-06-22 21:30:17	KoEDADx	ÊôØËâ≤;pxky
3681	573	1719091979	573_20240622213259.png		35.16127819998768	134.33642880313855	313.8074493408203	35	2024-06-22 21:33:10	2024-06-22 21:33:10	GorWnKA	ÈßÖ;ÊôØËâ≤;pxky
3691	573	1719092712	573_20240622214512.png		35.160646346242565	134.33405708374457	303.33044242858887	88	2024-06-22 21:45:20	2024-06-22 21:45:20	oNROzrn	ÊôØËâ≤;pxky
3692	573	1719092750	573_20240622214550.png		35.16064387611039	134.33231939253298	302.20826530456543	71	2024-06-22 21:46:01	2024-06-22 21:46:01	B7O5yvz	Ëä±Âí≤;pxky
3693	573	1719093069	573_20240622215109.png		35.16150282118131	134.3333802232372	306.95081901550293	52.3311376	2024-06-22 21:51:28	2024-06-22 21:51:28	xRO2ErK	pxky;Â∑ù
3700	573	1719311549	573_20240625103228.png		34.66611798196814	133.91782492493158	19.903608322143555	44	2024-06-25 10:33:01	2024-06-25 10:33:01	nQR6oWb	ÈßÖ;pxky;Êñ∞ÂππÁ∑ö
3703	573	1719358640	573_20240625233719.png		39.42112057757713	141.1374322178431	83.42000120229736	64.52145962678777	2024-06-25 23:37:30	2024-06-25 23:37:30	EdOqV93	Á©∫Ê∏Ø;pxky;ÂÉç„ÅèËªä
3708	573	1719439509	573_20240626220508.png		39.451511890946264	141.06916864679863	154.91798210330307	8.478340060928957	2024-06-26 22:05:38	2024-06-26 22:05:38	ABbzoBw	ÊôØËâ≤;pxky
3722	573	1719615823	573_20240628230342.png		34.68558290894808	135.4932904884588	3.2457836186513305	14.24148387567211	2024-06-28 23:03:53	2024-06-28 23:03:53	VOrLq4P	Ëä±Âí≤;pxky;„Éê„É©
3723	573	1719616572	573_20240628231611.png		34.68792208788832	135.48750244765773	4.366628645269543	9.989711424837246	2024-06-28 23:16:23	2024-06-28 23:16:23	OzrLBOL	pxky
3726	573	1719660059	573_20240629112058.png		34.690679535467375	135.51649302893532	8.260787330567837	14.213303391882803	2024-06-29 11:21:10	2024-06-29 11:21:10	JvRL5PX	pxky;Â§úÊôØ
3727	573	1719743809	573_20240630103648.png		34.68557052449529	135.49350779370974	2.476573462598026	4.730132732499707	2024-06-30 10:37:02	2024-06-30 10:37:02	ABbJjbV	pxky;Â§úÊôØ
3731	573	1719825962	573_20240701092602.png		34.68376052705826	135.52183926602964	21.143333435058594	57	2024-07-01 09:26:18	2024-07-01 09:26:18	kvEAdAx	pxky
3732	573	1719826259	573_20240701093059.png		34.68496060515057	135.52426326279203	25.413278579711914	493.18481071202285	2024-07-01 09:31:09	2024-07-01 09:31:09	Wjrxb5o	Á•ûÁ§æ;pxky
3733	573	1719826357	573_20240701093236.png		34.68579231797477	135.52609220201396	31.51797103881836	35	2024-07-01 09:32:48	2024-07-01 09:32:48	oNRoMjO	Âüé;pxky
3734	573	1719836371	573_20240701121930.png		34.68570400447757	135.52620136700992	32.76218125530818	6.607494552922839	2024-07-01 12:19:44	2024-07-01 12:19:44	yEqVzEE	Âüé;pxky
3735	573	1719836883	573_20240701122803.png		34.68501641340745	135.52199891236876	22.235103730395195	22.69302605906319	2024-07-01 12:28:12	2024-07-01 12:28:12	EdO7WmY	pxky
3737	573	1719903708	573_20240702070148.png		34.69226740476443	135.48871430100195	4.576664924621582	50.63333608523163	2024-07-02 07:01:58	2024-07-02 07:01:58	ABbOkow	pxky
3738	573	1720087623	573_20240704100703.png		34.6809234262179	133.91826833245216	6.654523093253374	5.334690927150439	2024-07-04 10:07:14	2024-07-04 10:07:14	84O2GQE	pxky
3739	573	1720087668	573_20240704100747.png	Á∂∫È∫ó„Å´Âàà„Çâ„Çå„Å¶„ÅÑ„Çã	34.68064686986459	133.91796691042202	5.856642723083496	71	2024-07-04 10:08:03	2024-07-04 10:08:03	84O2GVE	pxky
3740	573	1720218803	573_20240705223323.png		34.66438938611912	133.91685544705538	14.764036239124835	4.7838494801696845	2024-07-05 22:33:41	2024-07-05 22:33:41	m6lBPA2	ÈßÖ;pxky;Êñ∞ÂππÁ∑ö
3743	573	1720254555	573_20240706082914.png		35.551473530704094	135.18726029725298	9.102692745625973	9.91339870170406	2024-07-06 08:29:27	2024-07-06 08:29:27	5DGr0DG	pxky
3744	573	1720303020	573_20240706215700.png		35.551528684904866	135.18721979561013	7.273759834468365	5.505089561883736	2024-07-06 21:57:11	2024-07-06 21:57:11	MGrxMl5	pxky
3745	573	1720303617	573_20240706220657.png		35.5533133815405	135.18698905983024	5.3407392501831055	35	2024-07-06 22:07:20	2024-07-06 22:07:20	4r2kAL7	pxky
3749	573	1720304537	573_20240706222217.png		35.55723732851478	135.185446268912	4.6390533447265625	48	2024-07-06 22:22:31	2024-07-06 22:22:31	vwO3jGq	Ê©ã;Ë¶≥ÂÖâÂú∞;pxky
3750	573	1720304728	573_20240706222527.png		35.557712925652645	135.18514186866705	4.990949630737305	124.33333333333333	2024-07-06 22:25:36	2024-07-06 22:25:36	Ozr2PA6	Ê©ã;Ë¶≥ÂÖâÂú∞;pxky
3751	573	1720304823	573_20240706222703.png		35.557918511741704	135.18519338686215	5.310879230499268	35	2024-07-06 22:27:12	2024-07-06 22:27:12	84Oym8W	Ë¶≥ÂÖâÂú∞;pxky
3752	573	1720304992	573_20240706222952.png		35.55843803150443	135.18632203966237	4.486937417221817	38.351302805402504	2024-07-06 22:30:01	2024-07-06 22:30:01	nQRZ9qk	Ë¶≥ÂÖâÂú∞;pxky
3753	573	1720305017	573_20240706223016.png		35.558166743560065	135.18604673650125	3.3424229621887207	40.43657020730498	2024-07-06 22:30:31	2024-07-06 22:30:31	POrlw4K	Ê©ã;Ë¶≥ÂÖâÂú∞;pxky
3757	573	1720322042	573_20240707031402.png		35.557452739526155	135.18512262855353	3.5497012673553527	22.03941909209056	2024-07-07 03:14:17	2024-07-07 03:14:17	Lqr8Kmq	Ê©ã;pxky
3758	573	1720322062	573_20240707031422.png		35.557729301553415	135.1853548042127	4.596007823944092	36	2024-07-07 03:14:31	2024-07-07 03:14:31	kvEL5Jx	pxky
3759	573	1720322089	573_20240707031448.png		35.55745174131808	135.18514685373657	9.960362504710467	4.024304717712783	2024-07-07 03:15:10	2024-07-07 03:15:10	6LbVZ93	Ê©ã;pxky;Ëàπ
3760	573	1720322128	573_20240707031528.png		35.55764293241141	135.18533474732635	4.468010902404785	36	2024-07-07 03:15:37	2024-07-07 03:15:37	Y6QBR9E	Ê©ã;pxky
3770	573	1720333431	573_20240707062350.png		35.55626161841646	135.18476167277188	8.300236701965332	155.33333333333334	2024-07-07 06:24:14	2024-07-07 06:24:14	zEO2J21	„É¢„Éé„É¨„Éº„É´;pxky
3771	573	1720333597	573_20240707062637.png		35.55388812192875	135.18268982503668	92.17984476312995	4.275864175942803	2024-07-07 06:26:48	2024-07-07 06:26:48	wEd834M	pxky;Â§©Ê©ãÁ´ã
3772	573	1720335003	573_20240707065003.png		35.55258717368626	135.18218401749763	134.06896209716797	35	2024-07-07 06:50:14	2024-07-07 06:50:14	m6lmKZ1	pxky;Â§©Ê©ãÁ´ã
3773	573	1720335019	573_20240707065018.png		35.55258943780171	135.18232880499406	134.27089309692383	35	2024-07-07 06:50:27	2024-07-07 06:50:27	kvELwKo	pxky;Â§©Ê©ãÁ´ã
3774	573	1720335261	573_20240707065421.png		35.55386035929719	135.18258043987083	96.99053056888113	3.691647655271319	2024-07-07 06:54:39	2024-07-07 06:54:39	4r2kMxv	pxky;Â§©Ê©ãÁ´ã;„É™„Éï„Éà
3775	573	1720336091	573_20240707070810.png		35.553119120524606	135.18712686131835	4.245449542999268	35	2024-07-07 07:08:30	2024-07-07 07:08:30	NWrOd3R	pxky;Ëàπ
3781	573	1720422378	573_20240708070617.png	Â±±„ÅÆ‰∏ä„Å´Âª∫Áâ©„Å®Êú®„Åå„Éù„ÉÑ„É≥„Å®„ÄÇ	35.6265548437815	134.81236077853347	2.1969499811530113	4.085552898167977	2024-07-08 07:07:13	2024-07-08 07:07:13	0wKnE3d	pxky
3787	573	1720426084	573_20240708080803.png		35.6245696335116	134.81338150805186	5.51198673248291	79.70475817413241	2024-07-08 08:08:19	2024-07-08 08:08:19	EdE8jkL	ÈßÖ;pxky
3796	573	1720753063	573_20240712025743.png		33.27371862103867	130.29409012484808	7.076549529762204	11.856472135952195	2024-07-12 02:57:57	2024-07-12 02:57:57	DwR5EAx	pxky;„Ç¢„É™„Éº„Éä
3819	573	1720838427	573_20240713024026.png		34.666828792719045	133.92265660500308	8.990189552307129	35	2024-07-13 02:40:38	2024-07-13 02:40:38	yEAdqrE	„Ç∑„É≥„Éú„É´;pxky
3821	573	1721196799	573_20240717061319.png		34.69012530606773	133.92206389286682	9.535106658935547	36	2024-07-17 06:13:32	2024-07-17 06:13:32	Ko6lzG0	pxky
3822	870	1721257136	870_20240717225855.png	ÊòéÁü≥Â∏Ç	-1	-1	0	0	2024-07-17 22:59:10	2024-07-17 22:59:10	4OlOjzj	pxky
3823	573	1721429657	573_20240719225416.png		34.677214938932906	133.91599776403265	8.550307273864746	103.50263708592777	2024-07-19 22:54:44	2024-07-19 22:54:44	oN4BJ8B	pxky;ÁêÉÂ†¥
3824	573	1721429881	573_20240719225800.png		34.677451936642385	133.91627536299694	8.186699867248535	107.85927539939486	2024-07-19 22:58:32	2024-07-19 22:58:32	dvB7mVm	„Ç∑„É≥„Éú„É´;„Ç™„Éñ„Ç∏„Çß;pxky
3825	573	1721432416	573_20240719234015.png		34.677817994941414	133.91593339454747	6.807729721069336	43	2024-07-19 23:40:31	2024-07-19 23:40:31	WjoW1lN	pxky;ÁêÉÂ†¥
3826	870	1721538803	870_20240721051323.png		-1	-1	0	0	2024-07-21 05:13:32	2024-07-21 05:13:32	NQzl6DE	pxky
3827	573	1721630164	573_20240722063603.png	Âø´Êô¥ÔºÅ	34.69040962393528	133.92303615534541	9.497023582458496	39	2024-07-22 06:36:21	2024-07-22 06:36:21	DwRDMjZ	pxky
3835	573	1721949405	573_20240725231645.png		34.79156964918071	134.1227420975572	23.295999698628947	12.378407739437176	2024-07-25 23:16:58	2024-07-25 23:16:58	ZQWN37V	pxky
3836	573	1721949706	573_20240725232145.png		34.80920928419631	134.1707245653535	31.289609909057617	68	2024-07-25 23:21:59	2024-07-25 23:21:59	ZQWN3mZ	pxky
3839	573	1721951053	573_20240725234413.png		34.866165002336864	134.35313763457378	30.6195950288443	1.6771268076113106	2024-07-25 23:44:20	2024-07-25 23:44:20	wEBdKx5	ÂÖ¨ÂÖ±‰∫§ÈÄöÊ©üÈñ¢;pxky
3842	573	1721952537	573_20240726000856.png		34.99169638362989	134.35327678247472	108.48627471923828	117.14074848200173	2024-07-26 00:09:12	2024-07-26 00:09:12	dvBoN70	ÂÖ¨ÂÖ±‰∫§ÈÄöÊ©üÈñ¢;pxky
3843	573	1721954898	573_20240726004818.png		35.18867931037028	134.33689869331323	371.09781485423446	3.1697720929632838	2024-07-26 00:48:28	2024-07-26 00:48:28	5DPGE3X	ÂÖ¨ÂÖ±‰∫§ÈÄöÊ©üÈñ¢;pxky
3892	573	1722035657	573_20240726231416.png		35.18966618705388	134.32403465989088	382.22439328208566	4.375626999532731	2024-07-26 23:20:54	2024-07-26 23:20:54	oN44mNk	pxky;Â∑ù
3893	573	1722036410	573_20240726232649.png		35.188757910357815	134.33668638807214	363.75039863586426	35	2024-07-26 23:27:21	2024-07-26 23:27:21	wEBBK10	ÈßÖ;ÂÖ¨ÂÖ±‰∫§ÈÄöÊ©üÈñ¢;pxky;Â∑ù
3896	573	1722041076	573_20240727004436.png		34.86581463513329	134.35394583532351	25.691309105409545	11.594332084656712	2024-07-27 00:44:52	2024-07-27 00:44:52	jvooWLK	ÂÖ¨ÂÖ±‰∫§ÈÄöÊ©üÈñ¢;pxky
3900	573	1722249597	573_20240729103956.png		34.67903575934311	133.91463172388285	7.433485984802246	75	2024-07-29 10:40:09	2024-07-29 10:40:09	ABYMQZl	pxky
3903	573	1722675577	573_20240803085936.png		34.67833984746746	133.9172061805473	7.707802772521973	107.86860098423011	2024-08-03 08:59:57	2024-08-03 08:59:57	jvoPbZV	„Çµ„ÉÉ„Ç´„Éº;pxky
3904	573	1722675715	573_20240803090154.png		34.677608668840854	133.91879211493955	8.005109966732562	4.95716230225742	2024-08-03 09:02:10	2024-08-03 09:02:10	JvY5D8n	pxky;Â∫ÉÂ†¥
3905	573	1722675834	573_20240803090353.png	ÈùíÁ©∫ÊñáÂ∫´ÔºàÁâ©ÁêÜÔºâ	34.676690391793045	133.91895021161713	8.233054161071777	54.78344613916585	2024-08-03 09:04:17	2024-08-03 09:56:29	0wKX57m	pxky;Â∫ÉÂ†¥;„Åà„Åª„Çì
3907	573	1722679216	573_20240803100016.png		34.677977749001755	133.91852739441404	7.946361541748047	62	2024-08-03 10:00:31	2024-08-03 10:00:31	POZqN9W	pxky
3908	573	1722679592	573_20240803100631.png		34.67806327972989	133.91828452688958	8.034867230909128	4.928612389320533	2024-08-03 10:06:43	2024-08-03 10:06:43	m6WqLV2	pxky
3910	573	1722938221	573_20240806095700.png		34.68923098371557	133.92153335052382	10.341400146484375	35	2024-08-06 09:57:16	2024-08-06 09:57:16	MGNqnry	pxky
3911	573	1723079279	573_20240808010758.png		34.68523046048601	133.9198144840194	7.200201988220215	55.34663821668853	2024-08-08 01:08:13	2024-08-08 01:08:13	rZQnVwN	pxky;ÁúãÊùø
3921	573	1723531349	573_20240813064228.png		34.71271332339747	134.02535621420077	39.53818348527959	7.665689399211385	2024-08-13 06:42:41	2024-08-13 06:42:41	nQPK4Jj	pxky;ÁâßÂ†¥
3924	573	1723627086	573_20240814091805.png		34.68099154459084	133.91721005111248	6.211440782889142	13.64810415402302	2024-08-14 09:18:18	2024-08-14 09:18:18	RO7B0OM	pxky;Êúà
3925	573	1723627187	573_20240814091947.png		34.67970340223078	133.91550185636504	6.789896551640211	4.781716467920936	2024-08-14 09:20:02	2024-08-14 09:20:02	qn6vLPL	pxky;„Ç∞„É©„Ç¶„É≥„Éâ
